<?xml version="1.0" encoding="UTF-8" standalone="no"?>
<!DOCTYPE properties SYSTEM "http://java.sun.com/dtd/properties.dtd">
<properties>
<comment>NWTIS konfiguracija</comment>
<entry key="server.database">jdbc:mysql://127.0.0.1/</entry>
<entry key="admin.username">nwtis_admin</entry>
<entry key="admin.password">nwtis_foi</entry>
<entry key="admin.database">mysql</entry>
<entry key="user.username">nwtis_g2</entry>
<entry key="user.password">g2_nwtis</entry>
<entry key="user.database">nwtis_g2</entry>
<entry key="driver.database.odbc">sun.jdbc.odbc.JdbcOdbcDriver</entry>
<entry key="driver.database.mysql">com.mysql.jdbc.Driver</entry>
<entry key="driver.database.derby">org.apache.derby.jdbc.ClientDriver</entry>
<entry key="driver.database.postgresql">org.postgresql.Driver</entry>
<entry key="mail.server">127.0.0.1</entry>
<entry key="mail.port">143</entry>
<entry key="mail.usernameThread">servis@nwtis.nastava.foi.hr</entry>
<entry key="mail.passwordThread">123456</entry>
<entry key="mail.timeSecThread">10</entry>
<entry key="mail.numMessages">7</entry>
<entry key="mail.subject">NWTiS poruka</entry>
<entry key="mail.folderNWTiS">NWTiS_Poruke</entry>
<entry key="mail.folderOther">NWTiS_OstalePoruke</entry>
<entry key="mail.usernameStatistics">admin@nwtis.nastava.foi.hr</entry>
<entry key="mail.subjectStatistics">Statistika poruka</entry>
<entry key="mail.usernameView">servis@nwtis.nastava.foi.hr</entry>
<entry key="mail.passwordView">123456</entry>
</properties>