<?xml version="1.0" encoding="UTF-8" standalone="no"?>
<!DOCTYPE properties SYSTEM "http://java.sun.com/dtd/properties.dtd">
<properties>
<comment>NWTIS konfiguracija - MySQL</comment>
<entry key="server.database">jdbc:mysql://127.0.0.1/</entry>
<entry key="admin.username">nwtis_admin</entry>
<entry key="admin.password">nwtis_foi</entry>
<entry key="admin.database">mysql</entry>
<entry key="user.username">nwtis_g1</entry>
<entry key="user.password">g1_nwtis</entry>
<entry key="user.database">nwtis_g1</entry>
<entry key="driver.database.odbc">sun.jdbc.odbc.JdbcOdbcDriver</entry>
<entry key="driver.database.mysql">com.mysql.jdbc.Driver</entry>
<entry key="driver.database.derby">org.apache.derby.jdbc.ClientDriver</entry>
<entry key="driver.database.postgresql">org.postgresql.Driver</entry>
<entry key="intervalDretveZaMeteoPodatke">60</entry>
<entry key="apikey">isomeduuducan</entry>
</properties>
